<linker>
	<assembly fullname="UnityEngine">
		<type fullname="UnityEngine.Object" preserve="nothing"/>
		<type fullname="UnityEditor.MonoScript" preserve="nothing"/>
		<type fullname="UnityEngine.Material" preserve="nothing"/>
		<type fullname="UnityEngine.Texture" preserve="nothing"/>
		<type fullname="UnityEngine.Texture2D" preserve="nothing"/>
		<type fullname="UnityEngine.Sprite" preserve="nothing"/>
		<type fullname="UnityEditor.UnityConnectSettings" preserve="nothing"/>
		<type fullname="UnityEditor.VFXManager" preserve="nothing"/>
		<type fullname="UnityEngine.Shader" preserve="nothing"/>
		<type fullname="UnityEngine.TextAsset" preserve="nothing"/>
		<type fullname="UnityEditor.TagManager" preserve="nothing"/>
		<type fullname="UnityEditor.MonoManager" preserve="nothing"/>
		<type fullname="UnityEngine.Rendering.GraphicsSettings" preserve="nothing"/>
		<type fullname="UnityEditor.PlayerSettings" preserve="nothing"/>
		<type fullname="UnityEditor.TimeManager" preserve="nothing"/>
		<type fullname="UnityEditor.InputManager" preserve="nothing"/>
		<type fullname="UnityEditor.PhysicsManager" preserve="nothing"/>
		<type fullname="UnityEditor.AudioManager" preserve="nothing"/>
		<type fullname="UnityEditor.Physics2DSettings" preserve="nothing"/>
		<type fullname="UnityEngine.QualitySettings" preserve="nothing"/>
		<type fullname="UnityEngine.Camera" preserve="nothing"/>
		<type fullname="UnityEngine.Transform" preserve="nothing"/>
		<type fullname="UnityEngine.Collider2D" preserve="nothing"/>
		<type fullname="UnityEngine.PolygonCollider2D" preserve="nothing"/>
		<type fullname="UnityEngine.Canvas" preserve="nothing"/>
		<type fullname="UnityEngine.RectTransform" preserve="nothing"/>
		<type fullname="UnityEngine.Behaviour" preserve="nothing"/>
		<type fullname="UnityEngine.GameObject" preserve="nothing"/>
		<type fullname="UnityEngine.Component" preserve="nothing"/>
		<type fullname="UnityEngine.MonoBehaviour" preserve="nothing"/>
		<type fullname="UnityEngine.LightmapSettings" preserve="nothing"/>
		<type fullname="UnityEngine.Font" preserve="nothing"/>
		<type fullname="UnityEngine.CanvasRenderer" preserve="nothing"/>
		<type fullname="UnityEngine.LightingSettings" preserve="nothing"/>
		<type fullname="UnityEngine.Audio.AudioMixer" preserve="nothing"/>
		<type fullname="UnityEngine.RenderSettings" preserve="nothing"/>
		<type fullname="UnityEngine.Audio.AudioMixerGroup" preserve="nothing"/>
		<type fullname="UnityEngine.Audio.AudioMixerSnapshot" preserve="nothing"/>
		<type fullname="UnityEngine.AudioBehaviour" preserve="nothing"/>
		<type fullname="UnityEngine.AudioListener" preserve="nothing"/>
		<type fullname="UnityEngine.LightProbes" preserve="nothing"/>
		<type fullname="UnityEngine.Cubemap" preserve="nothing"/>
		<type fullname="UnityEngine.Renderer" preserve="nothing"/>
		<type fullname="UnityEngine.SpriteRenderer" preserve="nothing"/>
		<type fullname="UnityEngine.AnimationClip" preserve="nothing"/>
		<type fullname="UnityEngine.Animator" preserve="nothing"/>
		<type fullname="UnityEditor.Animations.AnimatorController" preserve="nothing"/>
		<type fullname="UnityEngine.Motion" preserve="nothing"/>
		<type fullname="UnityEngine.RuntimeAnimatorController" preserve="nothing"/>
		<type fullname="UnityEngine.Playables.PlayableDirector" preserve="nothing"/>
		<type fullname="UnityEngine.MeshFilter" preserve="nothing"/>
		<type fullname="UnityEngine.MeshRenderer" preserve="nothing"/>
		<type fullname="UnityEngine.AudioSource" preserve="nothing"/>
		<type fullname="UnityEngine.ParticleSystem" preserve="nothing"/>
		<type fullname="UnityEngine.ParticleSystemRenderer" preserve="nothing"/>
		<type fullname="UnityEngine.AudioClip" preserve="nothing"/>
		<type fullname="UnityEngine.LineRenderer" preserve="nothing"/>
		<type fullname="UnityEngine.Rendering.SortingGroup" preserve="nothing"/>
		<type fullname="UnityEngine.Rigidbody2D" preserve="nothing"/>
		<type fullname="UnityEngine.BoxCollider2D" preserve="nothing"/>
		<type fullname="UnityEngine.AnimatorOverrideController" preserve="nothing"/>
		<type fullname="UnityEngine.SpriteMask" preserve="nothing"/>
		<type fullname="UnityEngine.Mesh" preserve="nothing"/>
		<type fullname="UnityEngine.CompositeCollider2D" preserve="nothing"/>
		<type fullname="UnityEngine.AudioLowPassFilter" preserve="nothing"/>
		<type fullname="UnityEngine.AudioReverbFilter" preserve="nothing"/>
	</assembly>
	<assembly fullname="Assembly-CSharp">
		<type fullname="AddIntOnStateExit" preserve="nothing"/>
		<type fullname="AnimCrouchBhv" preserve="nothing"/>
		<type fullname="AnimationFinishedSignal" preserve="nothing"/>
		<type fullname="AnimationObject" preserve="nothing"/>
		<type fullname="AnimatorFinishedCallback" preserve="nothing"/>
		<type fullname="AppVersion" preserve="nothing"/>
		<type fullname="AudioEvent" preserve="nothing"/>
		<type fullname="BoilingPanController" preserve="nothing"/>
		<type fullname="BoolSetActiveOnStart" preserve="nothing"/>
		<type fullname="BoolVariable" preserve="nothing"/>
		<type fullname="BuildConsole" preserve="nothing"/>
		<type fullname="Burner" preserve="nothing"/>
		<type fullname="BurnerController" preserve="nothing"/>
		<type fullname="BuyButton" preserve="nothing"/>
		<type fullname="ChangeScene" preserve="nothing"/>
		<type fullname="CinematicBars" preserve="nothing"/>
		<type fullname="ClosetController" preserve="nothing"/>
		<type fullname="ClosetDoor" preserve="nothing"/>
		<type fullname="ClosetShaderController" preserve="nothing"/>
		<type fullname="Cursor" preserve="nothing"/>
		<type fullname="Curtain" preserve="nothing"/>
		<type fullname="DebugBrake" preserve="nothing"/>
		<type fullname="DevOptions" preserve="nothing"/>
		<type fullname="DisableIfSaveNotAllowed" preserve="nothing"/>
		<type fullname="DisableOnAnimationFinished" preserve="nothing"/>
		<type fullname="Dizziness" preserve="nothing"/>
		<type fullname="DoNotSaveThisScene" preserve="nothing"/>
		<type fullname="DoOnApplicationQuit" preserve="nothing"/>
		<type fullname="DontDestroy" preserve="nothing"/>
		<type fullname="DoorScript" preserve="nothing"/>
		<type fullname="DoorbellCorridor" preserve="nothing"/>
		<type fullname="DoorbellLivingRoom" preserve="nothing"/>
		<type fullname="DreamCloudController" preserve="nothing"/>
		<type fullname="EnableAtRandomTimes" preserve="nothing"/>
		<type fullname="EnterFromCorridor2" preserve="nothing"/>
		<type fullname="ExecuteEventOnInput" preserve="nothing"/>
		<type fullname="FMODMusic" preserve="nothing"/>
		<type fullname="FadeInOnStart" preserve="nothing"/>
		<type fullname="FireController" preserve="nothing"/>
		<type fullname="FontSetter" preserve="nothing"/>
		<type fullname="Fps2Text" preserve="nothing"/>
		<type fullname="FullScreenOption" preserve="nothing"/>
		<type fullname="GameEvent" preserve="nothing"/>
		<type fullname="GameEventListener" preserve="nothing"/>
		<type fullname="GameInit" preserve="nothing"/>
		<type fullname="GameManager" preserve="nothing"/>
		<type fullname="GameStateKeeper" preserve="nothing"/>
		<type fullname="GameobjectName2ObjectText" preserve="nothing"/>
		<type fullname="GasLeak" preserve="nothing"/>
		<type fullname="GasLeakSoundLoop" preserve="nothing"/>
		<type fullname="GasMeterController" preserve="nothing"/>
		<type fullname="GlitchShaderProperty" preserve="nothing"/>
		<type fullname="InspectorNote" preserve="nothing"/>
		<type fullname="Inventory" preserve="nothing"/>
		<type fullname="InventoryData" preserve="nothing"/>
		<type fullname="InventoryLoadout" preserve="nothing"/>
		<type fullname="InventoryLoadoutInjector" preserve="nothing"/>
		<type fullname="InventoryObject" preserve="nothing"/>
		<type fullname="InventoryObjectView" preserve="nothing"/>
		<type fullname="InventoryStateKeeper" preserve="nothing"/>
		<type fullname="KidController" preserve="nothing"/>
		<type fullname="KiddoIdlesAnimationBehaviour" preserve="nothing"/>
		<type fullname="KiddoInteraction.ActionCollection" preserve="nothing"/>
		<type fullname="KiddoInteraction.Actions.ChangeRegionAction" preserve="nothing"/>
		<type fullname="KiddoInteraction.Actions.GotoSceneAction" preserve="nothing"/>
		<type fullname="KiddoInteraction.Actions.InventoryRemoveAction" preserve="nothing"/>
		<type fullname="KiddoInteraction.Actions.KiddoLookAction" preserve="nothing"/>
		<type fullname="KiddoInteraction.Actions.KiddoMoveToAction" preserve="nothing"/>
		<type fullname="KiddoInteraction.Actions.KiddoPickupAction" preserve="nothing"/>
		<type fullname="KiddoInteraction.Actions.KiddoReactAction" preserve="nothing"/>
		<type fullname="KiddoInteraction.Actions.KiddoSwitchToAnimObjectAction" preserve="nothing"/>
		<type fullname="KiddoInteraction.Actions.LogAction" preserve="nothing"/>
		<type fullname="KiddoInteraction.Actions.PlayActuableAction" preserve="nothing"/>
		<type fullname="KiddoInteraction.Actions.PlaySoundAction" preserve="nothing"/>
		<type fullname="KiddoInteraction.Actions.SendMessageAction" preserve="nothing"/>
		<type fullname="KiddoInteraction.Actions.SetActiveAction" preserve="nothing"/>
		<type fullname="KiddoInteraction.Actions.SetAnimatorParamAction" preserve="nothing"/>
		<type fullname="KiddoInteraction.Actions.SetCinematicModeAction" preserve="nothing"/>
		<type fullname="KiddoInteraction.Actions.SetInteractionAction" preserve="nothing"/>
		<type fullname="KiddoInteraction.Actions.SetSceneBoolAction" preserve="nothing"/>
		<type fullname="KiddoInteraction.Actions.SetWorldBoolAction" preserve="nothing"/>
		<type fullname="KiddoInteraction.Actions.SwitchGameObjectsAction" preserve="nothing"/>
		<type fullname="KiddoInteraction.Actions.UnityEventAction" preserve="nothing"/>
		<type fullname="KiddoInteraction.Actions.WaitAction" preserve="nothing"/>
		<type fullname="KiddoInteraction.ActionsDispatcher" preserve="nothing"/>
		<type fullname="KiddoInteraction.ConditionCollection" preserve="nothing"/>
		<type fullname="KiddoInteraction.Conditions.DraggedObjectCondition" preserve="nothing"/>
		<type fullname="KiddoInteraction.Conditions.WorldBoolCondition" preserve="nothing"/>
		<type fullname="KiddoInteraction.Interactables.ClickInteractable" preserve="nothing"/>
		<type fullname="KiddoInteraction.Interactables.CombinableInteractable" preserve="nothing"/>
		<type fullname="KiddoInteraction.Interactables.CustomInteractable" preserve="nothing"/>
		<type fullname="KiddoInteraction.Interactables.EmptyInteractable" preserve="nothing"/>
		<type fullname="KiddoInteraction.Interactables.InteractPosition" preserve="nothing"/>
		<type fullname="KiddoInteraction.Interactables.MouseInteractable" preserve="nothing"/>
		<type fullname="KiddoInteraction.InteractionActionsHandler" preserve="nothing"/>
		<type fullname="KiddoInteraction.Interactor" preserve="nothing"/>
		<type fullname="KiddoInteraction.InteractorFSM" preserve="nothing"/>
		<type fullname="KiddoInteraction.PointerRaycaster" preserve="nothing"/>
		<type fullname="KiddoStartPoint" preserve="nothing"/>
		<type fullname="Lightning" preserve="nothing"/>
		<type fullname="LoadBar" preserve="nothing"/>
		<type fullname="MainMenuController" preserve="nothing"/>
		<type fullname="MaxFPS" preserve="nothing"/>
		<type fullname="MenuCursor" preserve="nothing"/>
		<type fullname="MenuOpener" preserve="nothing"/>
		<type fullname="MenuSounds" preserve="nothing"/>
		<type fullname="MenuTextColor" preserve="nothing"/>
		<type fullname="MicrowaveController" preserve="nothing"/>
		<type fullname="MirrorActuable" preserve="nothing"/>
		<type fullname="MirrorReflection" preserve="nothing"/>
		<type fullname="MouseBhv" preserve="nothing"/>
		<type fullname="MouseSceneController" preserve="nothing"/>
		<type fullname="NarcOS" preserve="nothing"/>
		<type fullname="NewOrContinueOption" preserve="nothing"/>
		<type fullname="Next" preserve="nothing"/>
		<type fullname="ObjectText" preserve="nothing"/>
		<type fullname="ObjectTextReader" preserve="nothing"/>
		<type fullname="OnEnableSetBool" preserve="nothing"/>
		<type fullname="OnHoverCursorChanger" preserve="nothing"/>
		<type fullname="OrderedInLayer" preserve="nothing"/>
		<type fullname="PCBrowserWindow" preserve="nothing"/>
		<type fullname="PCCLicker" preserve="nothing"/>
		<type fullname="PCCloser" preserve="nothing"/>
		<type fullname="PCDelayGameobject" preserve="nothing"/>
		<type fullname="PCDelaySprite" preserve="nothing"/>
		<type fullname="PCIcon" preserve="nothing"/>
		<type fullname="PCMailShortcut" preserve="nothing"/>
		<type fullname="PCMailWindow" preserve="nothing"/>
		<type fullname="PCOKButton" preserve="nothing"/>
		<type fullname="PCTrack" preserve="nothing"/>
		<type fullname="PCWindow" preserve="nothing"/>
		<type fullname="PanController" preserve="nothing"/>
		<type fullname="Password" preserve="nothing"/>
		<type fullname="PlayAudioActuable" preserve="nothing"/>
		<type fullname="PlayFlushSound" preserve="nothing"/>
		<type fullname="PlaySound" preserve="nothing"/>
		<type fullname="PlayerPrefsManager" preserve="nothing"/>
		<type fullname="PostProcessingShader" preserve="nothing"/>
		<type fullname="RandomIntOnStateEnter" preserve="nothing"/>
		<type fullname="RandomOnOff" preserve="nothing"/>
		<type fullname="RegionTransitions" preserve="nothing"/>
		<type fullname="RegionUser" preserve="nothing"/>
		<type fullname="ResolutionOption" preserve="nothing"/>
		<type fullname="RestorableAnimator" preserve="nothing"/>
		<type fullname="RestorableGameObject" preserve="nothing"/>
		<type fullname="SceneBool" preserve="nothing"/>
		<type fullname="SceneLoader" preserve="nothing"/>
		<type fullname="SceneStateKeeper" preserve="nothing"/>
		<type fullname="SceneViewType" preserve="nothing"/>
		<type fullname="SetActiveOnAnimatorFinished" preserve="nothing"/>
		<type fullname="SetActiveOnBuild" preserve="nothing"/>
		<type fullname="Settings" preserve="nothing"/>
		<type fullname="SkipCutscene" preserve="nothing"/>
		<type fullname="SofaController" preserve="nothing"/>
		<type fullname="SofaKiddoController" preserve="nothing"/>
		<type fullname="SortingLayerExposer" preserve="nothing"/>
		<type fullname="SteppingSoundZone" preserve="nothing"/>
		<type fullname="StopMusicOnStart" preserve="nothing"/>
		<type fullname="StormController" preserve="nothing"/>
		<type fullname="StormSettings" preserve="nothing"/>
		<type fullname="StringVariable" preserve="nothing"/>
		<type fullname="TMPFontVariable" preserve="nothing"/>
		<type fullname="TV" preserve="nothing"/>
		<type fullname="TextUIWrapper" preserve="nothing"/>
		<type fullname="ToiletTank" preserve="nothing"/>
		<type fullname="TransformFollower" preserve="nothing"/>
		<type fullname="TremblingAnimator" preserve="nothing"/>
		<type fullname="TremblingTextColor" preserve="nothing"/>
		<type fullname="TremblingTimer" preserve="nothing"/>
		<type fullname="USBShortCut" preserve="nothing"/>
		<type fullname="UnderTheSinkController" preserve="nothing"/>
		<type fullname="UnscaledShaderTime" preserve="nothing"/>
		<type fullname="Valve" preserve="nothing"/>
		<type fullname="VolumeCurve" preserve="nothing"/>
		<type fullname="VolumeOption" preserve="nothing"/>
		<type fullname="WCFanSound" preserve="nothing"/>
		<type fullname="WCTripController" preserve="nothing"/>
		<type fullname="WcController" preserve="nothing"/>
		<type fullname="WorldBool" preserve="nothing"/>
		<type fullname="WorldVariablesKeeper" preserve="nothing"/>
	</assembly>
	<assembly fullname="Cinemachine">
		<type fullname="Cinemachine.CinemachineBrain" preserve="nothing"/>
		<type fullname="Cinemachine.CinemachineConfiner" preserve="nothing"/>
		<type fullname="Cinemachine.CinemachineFramingTransposer" preserve="nothing"/>
		<type fullname="Cinemachine.CinemachinePipeline" preserve="nothing"/>
		<type fullname="Cinemachine.CinemachineVirtualCamera" preserve="nothing"/>
	</assembly>
	<assembly fullname="DOTween">
		<type fullname="DG.Tweening.Core.DOTweenSettings" preserve="nothing"/>
	</assembly>
	<assembly fullname="FMODUnity">
		<type fullname="FMODUnity.PlatformAndroid" preserve="nothing"/>
		<type fullname="FMODUnity.PlatformAppleTV" preserve="nothing"/>
		<type fullname="FMODUnity.PlatformDefault" preserve="nothing"/>
		<type fullname="FMODUnity.PlatformIOS" preserve="nothing"/>
		<type fullname="FMODUnity.PlatformLinux" preserve="nothing"/>
		<type fullname="FMODUnity.PlatformMac" preserve="nothing"/>
		<type fullname="FMODUnity.PlatformMobileHigh" preserve="nothing"/>
		<type fullname="FMODUnity.PlatformMobileLow" preserve="nothing"/>
		<type fullname="FMODUnity.PlatformPlayInEditor" preserve="nothing"/>
		<type fullname="FMODUnity.PlatformWebGL" preserve="nothing"/>
		<type fullname="FMODUnity.PlatformWindows" preserve="nothing"/>
		<type fullname="FMODUnity.Settings" preserve="nothing"/>
		<type fullname="FMODUnity.StudioListener" preserve="nothing"/>
	</assembly>
	<assembly fullname="NavGridAssembly">
		<type fullname="NavGrid.NavGrid" preserve="nothing"/>
		<type fullname="NavGrid.NavGridAgent" preserve="nothing"/>
		<type fullname="NavGrid.UpdateNavGridOnDisable" preserve="nothing"/>
		<type fullname="NavGrid.UpdateNavGridOnEnable" preserve="nothing"/>
	</assembly>
	<assembly fullname="PerspectiveAssembly">
		<type fullname="Parallaxed" preserve="nothing"/>
		<type fullname="Perspective" preserve="nothing"/>
		<type fullname="VanishingAgent" preserve="nothing"/>
	</assembly>
	<assembly fullname="Unity.TextMeshPro">
		<type fullname="TMPro.TMP_FontAsset" preserve="nothing"/>
		<type fullname="TMPro.TMP_Settings" preserve="nothing"/>
		<type fullname="TMPro.TMP_SpriteAsset" preserve="nothing"/>
		<type fullname="TMPro.TMP_StyleSheet" preserve="nothing"/>
		<type fullname="TMPro.TextMeshPro" preserve="nothing"/>
		<type fullname="TMPro.TextMeshProUGUI" preserve="nothing"/>
	</assembly>
	<assembly fullname="Unity.Timeline">
		<type fullname="UnityEngine.Timeline.ActivationPlayableAsset" preserve="nothing"/>
		<type fullname="UnityEngine.Timeline.ActivationTrack" preserve="nothing"/>
		<type fullname="UnityEngine.Timeline.AnimationPlayableAsset" preserve="nothing"/>
		<type fullname="UnityEngine.Timeline.AnimationTrack" preserve="nothing"/>
		<type fullname="UnityEngine.Timeline.AudioPlayableAsset" preserve="nothing"/>
		<type fullname="UnityEngine.Timeline.AudioTrack" preserve="nothing"/>
		<type fullname="UnityEngine.Timeline.GroupTrack" preserve="nothing"/>
		<type fullname="UnityEngine.Timeline.MarkerTrack" preserve="nothing"/>
		<type fullname="UnityEngine.Timeline.SignalAsset" preserve="nothing"/>
		<type fullname="UnityEngine.Timeline.SignalEmitter" preserve="nothing"/>
		<type fullname="UnityEngine.Timeline.SignalReceiver" preserve="nothing"/>
		<type fullname="UnityEngine.Timeline.TimelineAsset" preserve="nothing"/>
	</assembly>
	<assembly fullname="UnityEngine.UI">
		<type fullname="UnityEngine.EventSystems.EventSystem" preserve="nothing"/>
		<type fullname="UnityEngine.EventSystems.EventTrigger" preserve="nothing"/>
		<type fullname="UnityEngine.EventSystems.Physics2DRaycaster" preserve="nothing"/>
		<type fullname="UnityEngine.EventSystems.StandaloneInputModule" preserve="nothing"/>
		<type fullname="UnityEngine.UI.Button" preserve="nothing"/>
		<type fullname="UnityEngine.UI.CanvasScaler" preserve="nothing"/>
		<type fullname="UnityEngine.UI.GraphicRaycaster" preserve="nothing"/>
		<type fullname="UnityEngine.UI.HorizontalLayoutGroup" preserve="nothing"/>
		<type fullname="UnityEngine.UI.Image" preserve="nothing"/>
		<type fullname="UnityEngine.UI.LayoutElement" preserve="nothing"/>
		<type fullname="UnityEngine.UI.VerticalLayoutGroup" preserve="nothing"/>
	</assembly>
</linker>
